Keyword,Language/Script,Cluster,Intent,Est. monthly volume,Difficulty,Seasonality,SERP owner types,Target URL,Primary or Secondary,On-page placement,Status,Notes,Volume source
Shegaon Bhakta Niwas room booking,English,Booking & Transactional,Transactional,unverified,unverified,Year-round,Official/Aggregators,/,Primary,"H1, Title, Body",client-provided,Primary target keyword for homepage,client-provided
Book Shegaon Bhakta Niwas room online,English,Booking & Transactional,Transactional,unverified,unverified,Year-round,Official/Aggregators,/booking,Primary,"H1, Title, Body",client-provided,Main transactional landing page,client-provided
Shegaon Bhakta Niwas booking contact number,English,Contact & Helpline,Navigational,unverified,unverified,Year-round,Directories/Official,/contact,Primary,"H1, Title, Body",client-provided,Contact page primary target,client-provided
Shegaon Bhakta Niwas price list / room rent,English,Price & Rent,Commercial,unverified,unverified,Year-round,Blogs/Official,/shegaon-bhakta-niwas-room-rent,Primary,"H1, Title, Body",client-provided,Rent guide page target,client-provided
Affordable stay near Gajanan Maharaj Temple Shegaon,English,Comparison & Guide,Commercial,unverified,unverified,Year-round,Travel Blogs,/affordable-stay-near-gajanan-maharaj-temple-shegaon,Primary,"H1, Title, Body",client-provided,Commercial comparison guide,client-provided
Shegaon Bhakta Niwas accommodation facilities,English,Facilities & Services,Informational,unverified,unverified,Year-round,Official,/shegaon-bhakta-niwas-facilities,Primary,"H1, Title, Body",client-provided,Facilities overview page,client-provided
Shegaon Bhakta Niwas availability,English,Availability & Timing,Commercial,unverified,unverified,High in Shravan/Feb,Official,/shegaon-bhakta-niwas-availability,Primary,"H1, Title, Body",client-provided,Availability guidance page,client-provided
Shri Gajanan Maharaj Sansthan Shegaon Bhakt Niwas,English,Brand & Location,Navigational,unverified,unverified,Year-round,Official,/shegaon-bhakta-niwas,Primary,"H1, Title, Body",client-provided,Main Shegaon property page,client-provided
Shri Gajanan Maharaj Sansthan Pandharpur,English,Brand & Location,Navigational,unverified,unverified,Peak in Ashadhi,Official,/pandharpur-bhakta-niwas,Primary,"H1, Title, Body",client-provided,Pandharpur property page,client-provided
Shri Gajanan Maharaj Sansthan Shegaon Anand Vihar,English,Brand & Location,Navigational,unverified,unverified,Year-round,Official,/shegaon-anand-vihar,Primary,"H1, Title, Body",client-provided,Anand Vihar property page,client-provided
Shri Gajanan Maharaj Sansthan Shegaon Visawa,English,Brand & Location,Navigational,unverified,unverified,Year-round,Official,/shegaon-visawa,Primary,"H1, Title, Body",client-provided,Visawa property page,client-provided
शेगाव भक्त निवास बुकिंग,Marathi/Devanagari,Booking & Transactional,Transactional,unverified,unverified,Year-round,Official/Directories,/booking,Secondary,"Meta, Body",researched,High volume Marathi search,unverified
शेगाव भक्त निवास रूम भाडे,Marathi/Devanagari,Price & Rent,Commercial,unverified,unverified,Year-round,Blogs,/shegaon-bhakta-niwas-room-rent,Secondary,"Meta, Body",researched,Marathi rent inquiry,unverified
गजानन महाराज संस्थान शेगाव,Marathi/Devanagari,Brand,Navigational,unverified,unverified,Year-round,Official,/,Secondary,"Meta, Body",researched,Official entity query,unverified
शेगाव भक्त निवास फोन नंबर,Marathi/Devanagari,Contact,Navigational,unverified,unverified,Year-round,Directories,/contact,Secondary,Body,researched,Phone number query,unverified
शेगाव आनंद विहार बुकिंग,Marathi/Devanagari,Brand,Transactional,unverified,unverified,Year-round,Official,/shegaon-anand-vihar,Secondary,Body,researched,Anand Vihar Marathi,unverified
शेगाव विसावा भक्त निवास,Marathi/Devanagari,Brand,Navigational,unverified,unverified,Year-round,Official,/shegaon-visawa,Secondary,Body,researched,Visawa Marathi,unverified
पंढरपूर गजानन महाराज संस्थान,Marathi/Devanagari,Location,Navigational,unverified,unverified,Peak Ekadashi,Official,/pandharpur-bhakta-niwas,Secondary,Body,researched,Pandharpur Marathi,unverified
त्रिंबकेश्वर भक्त निवास,Marathi/Devanagari,Location,Navigational,unverified,unverified,Year-round,Official,/trimbakeshwar-bhakta-niwas,Secondary,Body,researched,Trimbakeshwar Marathi,unverified
ओंकारेश्वर गजानन महाराज संस्थान,Marathi/Devanagari,Location,Navigational,unverified,unverified,Year-round,Official,/omkareshwar-bhakta-niwas,Secondary,Body,researched,Omkareshwar Marathi,unverified
गजानन महाराज दर्शन वेळ,Marathi/Devanagari,Darshan,Informational,unverified,unverified,Year-round,Blogs,/darshan-timings,Secondary,Body,researched,Darshan timings Marathi,unverified
shegaon bhakt niwas booking kaise kare,Hinglish,Booking,Informational,unverified,unverified,Year-round,Blogs/YouTube,/blog/how-to-book-shegaon-bhakta-niwas,Secondary,Body,researched,Hinglish query,unverified
shegaon bhakt niwas ka number,Hinglish,Contact,Navigational,unverified,unverified,Year-round,Directories,/contact,Secondary,Body,researched,Hinglish phone query,unverified
shegaon bhakta niwas online booking app,English,Booking,Transactional,unverified,unverified,Year-round,Official/Blogs,/booking,Secondary,"Body, H2",researched,Auto-expanded keyword cluster,unverified
gajanan maharaj bhakta niwas advance booking,English,Booking,Transactional,unverified,unverified,Year-round,Official/Blogs,/booking,Secondary,"Body, H2",researched,Auto-expanded keyword cluster,unverified
how to book room in shegaon bhakta niwas,English,Booking,Transactional,unverified,unverified,Year-round,Official/Blogs,/booking,Secondary,"Body, H2",researched,Auto-expanded keyword cluster,unverified
shegaon dharamshala room booking,English,Booking,Transactional,unverified,unverified,Year-round,Official/Blogs,/booking,Secondary,"Body, H2",researched,Auto-expanded keyword cluster,unverified
shegaon temple stay booking,English,Booking,Transactional,unverified,unverified,Year-round,Official/Blogs,/booking,Secondary,"Body, H2",researched,Auto-expanded keyword cluster,unverified
gajanan maharaj sansthan room booking whatsapp,English,Booking,Transactional,unverified,unverified,Year-round,Official/Blogs,/booking,Secondary,"Body, H2",researched,Auto-expanded keyword cluster,unverified
shegaon bhakta niwas ac room charges,English,Price,Commercial,unverified,unverified,Year-round,Official/Blogs,/shegaon-bhakta-niwas-room-rent,Secondary,"Body, H2",researched,Auto-expanded keyword cluster,unverified
gajanan maharaj sansthan room rates,English,Price,Commercial,unverified,unverified,Year-round,Official/Blogs,/shegaon-bhakta-niwas-room-rent,Secondary,"Body, H2",researched,Auto-expanded keyword cluster,unverified
shegaon bhakta niwas dormitory charges,English,Price,Commercial,unverified,unverified,Year-round,Official/Blogs,/shegaon-bhakta-niwas-room-rent,Secondary,"Body, H2",researched,Auto-expanded keyword cluster,unverified
shegaon anand vihar room rent price,English,Price,Commercial,unverified,unverified,Year-round,Official/Blogs,/shegaon-bhakta-niwas-room-rent,Secondary,"Body, H2",researched,Auto-expanded keyword cluster,unverified
shegaon visawa room rates,English,Price,Commercial,unverified,unverified,Year-round,Official/Blogs,/shegaon-bhakta-niwas-room-rent,Secondary,"Body, H2",researched,Auto-expanded keyword cluster,unverified
shegaon stay donation rates,English,Price,Commercial,unverified,unverified,Year-round,Official/Blogs,/shegaon-bhakta-niwas-room-rent,Secondary,"Body, H2",researched,Auto-expanded keyword cluster,unverified
shegaon bhakta niwas ac rooms available,English,Facilities,Informational,unverified,unverified,Year-round,Official/Blogs,/shegaon-bhakta-niwas-facilities,Secondary,"Body, H2",researched,Auto-expanded keyword cluster,unverified
gajanan maharaj sansthan mahaprasad timings,English,Facilities,Informational,unverified,unverified,Year-round,Official/Blogs,/shegaon-bhakta-niwas-facilities,Secondary,"Body, H2",researched,Auto-expanded keyword cluster,unverified
shegaon temple free bus service,English,Facilities,Informational,unverified,unverified,Year-round,Official/Blogs,/shegaon-bhakta-niwas-facilities,Secondary,"Body, H2",researched,Auto-expanded keyword cluster,unverified
shegaon bhakta niwas hot water timings,English,Facilities,Informational,unverified,unverified,Year-round,Official/Blogs,/shegaon-bhakta-niwas-facilities,Secondary,"Body, H2",researched,Auto-expanded keyword cluster,unverified
shegaon bhakta niwas parking facility,English,Facilities,Informational,unverified,unverified,Year-round,Official/Blogs,/shegaon-bhakta-niwas-facilities,Secondary,"Body, H2",researched,Auto-expanded keyword cluster,unverified
shegaon temple bhojan kaksha,English,Facilities,Informational,unverified,unverified,Year-round,Official/Blogs,/shegaon-bhakta-niwas-facilities,Secondary,"Body, H2",researched,Auto-expanded keyword cluster,unverified
mumbai to shegaon train list,English,Travel-Mumbai,Informational,unverified,unverified,Year-round,Official/Blogs,/blog/how-to-reach-shegaon-from-mumbai-by-train,Secondary,"Body, H2",researched,Auto-expanded keyword cluster,unverified
vidarbha express mumbai to shegaon,English,Travel-Mumbai,Informational,unverified,unverified,Year-round,Official/Blogs,/blog/how-to-reach-shegaon-from-mumbai-by-train,Secondary,"Body, H2",researched,Auto-expanded keyword cluster,unverified
howrah mail mumbai to shegaon timing,English,Travel-Mumbai,Informational,unverified,unverified,Year-round,Official/Blogs,/blog/how-to-reach-shegaon-from-mumbai-by-train,Secondary,"Body, H2",researched,Auto-expanded keyword cluster,unverified
csmt to shegaon train distance,English,Travel-Mumbai,Informational,unverified,unverified,Year-round,Official/Blogs,/blog/how-to-reach-shegaon-from-mumbai-by-train,Secondary,"Body, H2",researched,Auto-expanded keyword cluster,unverified
dadar to shegaon sleeper train,English,Travel-Mumbai,Informational,unverified,unverified,Year-round,Official/Blogs,/blog/how-to-reach-shegaon-from-mumbai-by-train,Secondary,"Body, H2",researched,Auto-expanded keyword cluster,unverified
mumbai to shegaon train booking,English,Travel-Mumbai,Informational,unverified,unverified,Year-round,Official/Blogs,/blog/how-to-reach-shegaon-from-mumbai-by-train,Secondary,"Body, H2",researched,Auto-expanded keyword cluster,unverified
pune to shegaon train list,English,Travel-Pune,Informational,unverified,unverified,Year-round,Official/Blogs,/blog/how-to-reach-shegaon-from-pune-train-bus-road,Secondary,"Body, H2",researched,Auto-expanded keyword cluster,unverified
maharashtra express pune to shegaon,English,Travel-Pune,Informational,unverified,unverified,Year-round,Official/Blogs,/blog/how-to-reach-shegaon-from-pune-train-bus-road,Secondary,"Body, H2",researched,Auto-expanded keyword cluster,unverified
pune to shegaon sleeper bus timing,English,Travel-Pune,Informational,unverified,unverified,Year-round,Official/Blogs,/blog/how-to-reach-shegaon-from-pune-train-bus-road,Secondary,"Body, H2",researched,Auto-expanded keyword cluster,unverified
pune to shegaon road distance via samruddhi,English,Travel-Pune,Informational,unverified,unverified,Year-round,Official/Blogs,/blog/how-to-reach-shegaon-from-pune-train-bus-road,Secondary,"Body, H2",researched,Auto-expanded keyword cluster,unverified
pune to shegaon msrtc bus,English,Travel-Pune,Informational,unverified,unverified,Year-round,Official/Blogs,/blog/how-to-reach-shegaon-from-pune-train-bus-road,Secondary,"Body, H2",researched,Auto-expanded keyword cluster,unverified
pune to shegaon drive time,English,Travel-Pune,Informational,unverified,unverified,Year-round,Official/Blogs,/blog/how-to-reach-shegaon-from-pune-train-bus-road,Secondary,"Body, H2",researched,Auto-expanded keyword cluster,unverified
nagpur to shegaon train distance,English,Travel-Nagpur,Informational,unverified,unverified,Year-round,Official/Blogs,/blog/how-to-reach-shegaon-from-nagpur,Secondary,"Body, H2",researched,Auto-expanded keyword cluster,unverified
vidarbha express nagpur to shegaon,English,Travel-Nagpur,Informational,unverified,unverified,Year-round,Official/Blogs,/blog/how-to-reach-shegaon-from-nagpur,Secondary,"Body, H2",researched,Auto-expanded keyword cluster,unverified
nagpur to shegaon bus timing,English,Travel-Nagpur,Informational,unverified,unverified,Year-round,Official/Blogs,/blog/how-to-reach-shegaon-from-nagpur,Secondary,"Body, H2",researched,Auto-expanded keyword cluster,unverified
nagpur to shegaon road route nh 53,English,Travel-Nagpur,Informational,unverified,unverified,Year-round,Official/Blogs,/blog/how-to-reach-shegaon-from-nagpur,Secondary,"Body, H2",researched,Auto-expanded keyword cluster,unverified
nagpur to shegaon day trip travel,English,Travel-Nagpur,Informational,unverified,unverified,Year-round,Official/Blogs,/blog/how-to-reach-shegaon-from-nagpur,Secondary,"Body, H2",researched,Auto-expanded keyword cluster,unverified
nagpur to shegaon taxi fare,English,Travel-Nagpur,Informational,unverified,unverified,Year-round,Official/Blogs,/blog/how-to-reach-shegaon-from-nagpur,Secondary,"Body, H2",researched,Auto-expanded keyword cluster,unverified
places to visit near shegaon temple,English,Nearby,Informational,unverified,unverified,Year-round,Official/Blogs,/nearby-places-shegaon,Secondary,"Body, H2",researched,Auto-expanded keyword cluster,unverified
anand sagar shegaon entry fee and timings,English,Nearby,Informational,unverified,unverified,Year-round,Official/Blogs,/nearby-places-shegaon,Secondary,"Body, H2",researched,Auto-expanded keyword cluster,unverified
shegaon tourist places list,English,Nearby,Informational,unverified,unverified,Year-round,Official/Blogs,/nearby-places-shegaon,Secondary,"Body, H2",researched,Auto-expanded keyword cluster,unverified
places near shegaon railway station,English,Nearby,Informational,unverified,unverified,Year-round,Official/Blogs,/nearby-places-shegaon,Secondary,"Body, H2",researched,Auto-expanded keyword cluster,unverified
shegaon to khamgaon distance,English,Nearby,Informational,unverified,unverified,Year-round,Official/Blogs,/nearby-places-shegaon,Secondary,"Body, H2",researched,Auto-expanded keyword cluster,unverified
shegaon to akola distance,English,Nearby,Informational,unverified,unverified,Year-round,Official/Blogs,/nearby-places-shegaon,Secondary,"Body, H2",researched,Auto-expanded keyword cluster,unverified
shegaon bhakt nivas booking,English,Spelling-Variants,Navigational,unverified,unverified,Year-round,Official/Blogs,/,Secondary,"Body, H2",researched,Auto-expanded keyword cluster,unverified
shegaon bhaktaniwas booking,English,Spelling-Variants,Navigational,unverified,unverified,Year-round,Official/Blogs,/,Secondary,"Body, H2",researched,Auto-expanded keyword cluster,unverified
shegav bhakta niwas,English,Spelling-Variants,Navigational,unverified,unverified,Year-round,Official/Blogs,/,Secondary,"Body, H2",researched,Auto-expanded keyword cluster,unverified
gajanan maharaj sansthan shegaon bhakt nivas,English,Spelling-Variants,Navigational,unverified,unverified,Year-round,Official/Blogs,/,Secondary,"Body, H2",researched,Auto-expanded keyword cluster,unverified
shegaon dharamshala booking,English,Spelling-Variants,Navigational,unverified,unverified,Year-round,Official/Blogs,/,Secondary,"Body, H2",researched,Auto-expanded keyword cluster,unverified
gajanan maharaj bhakt niwas shegaon,English,Spelling-Variants,Navigational,unverified,unverified,Year-round,Official/Blogs,/,Secondary,"Body, H2",researched,Auto-expanded keyword cluster,unverified
